geo,Name,TIME_PERIOD,GHGperGDP,PriceAdjOil,GDPperCap,OilCperGDP,GDPgrowth,OilDep,SRE,PosSupplyShock,NegSupplyShock,GHG,GDP,Pop,OilCons
AT,Austria,1995,142.19429901187343,25.66,33790.47648315987,44.680062533188824,0,89.325,25.7,0,0,38190000,268576.16842157,7948280,12000000
AT,Austria,1996,144.78705323966875,30.2,34537.72655631296,43.65438791145792,2.349533851697178,90.894,24.1,1,0,39800000,274886.456416226,7959020,12000000
AT,Austria,1997,150.93991224611335,28.56,35220.89216289589,42.75918193940888,2.0935993895242704,90.163,24.9,0,0,42360000,280641.477589641,7968040,12000000
AT,Austria,1998,151.80993150608435,19.2,36442.28366479787,41.28074276168167,3.5814258146041773,93.634,24.5,1,1,44130000,290692.443914523,7976790,12000000
AT,Austria,1999,148.6892869295868,27.19,37664.96212977984,39.86307960578735,3.556331246641825,91.018,26.5,0,1,44760000,301030.43012908194,7992320,12000000
AT,Austria,2000,150.9034374325258,44.3,38842.871126185506,41.77480167425118,3.375722147084803,89.043,26.4,1,1,46960000,311192.381028414,8011570,13000000
AT,Austria,2001,151.52202114418992,37.6,39184.82321429754,41.252068583758515,1.2671681892298456,89.096,25.5,0,1,47750000,315135.711888113,8042290,13000000
AT,Austria,2002,151.214170452645,38.46,39635.68322383286,40.581837652443944,1.6515539218668203,93.789,24.7,0,1,48440000,320340.34809700405,8082120,13000000
AT,Austria,2003,153.1128548550705,40.55,39830.783644466115,43.295899171298466,0.9414709207251242,93.57,22.6,1,1,49510000,323356.259321687,8118250,14000000
AT,Austria,2004,175.37604613405585,48.64,40663.79602039111,51.17392352006436,2.7351202224103024,94.849,23.2,1,1,58260000,332200.44176082395,8169440,17000000
AT,Austria,2005,179.03448388994497,65.99,41294.063750130816,50.094914379006966,2.2440653246389517,92.053,24.4,1,0,60810000,339655.236682676,8225280.000000001,17015000
AT,Austria,2006,176.95585635480776,77.06,42499.90271546635,50.790144232297436,3.4540418361411978,95.69,26.6,0,0,62180000,351387.07065634005,8267950.000000001,17847000
AT,Austria,2007,166.1798030583688,80.23,43939.28603124123,47.911472689587164,3.7274153009350743,91.951,29,0,1,60570000,364484.726093492,8295190.000000001,17463000
AT,Austria,2008,158.4066326984556,99.98,44439.82091389478,46.09151680343421,1.4604236757385085,92.869,29.7,1,0,58580000,369807.747327812,8321540.000000001,17045000
AT,Austria,2009,166.3734803225855,66,42664.61653947069,49.23205115237325,-3.764578177916667,91.548,31.3,0,1,59210000,355886.045571664,8341480,17521000
AT,Austria,2010,167.29024308890916,80.97,43346.60583053078,49.615918707319224,1.8370936768003985,90.413,31.2,0,0,60630000,362424.005611476,8361070,17982000
AT,Austria,2011,173.79908450270233,104.36,44467.49604554242,51.627684241139,2.9227972836859393,92.321,31.6,0,0,64830000,373016.924602914,8388530.000000001,19258000
AT,Austria,2012,157.39368130498414,106.34,44569.3431368122,47.0397018090653,0.6804455768166284,92.244,34.4,0,0,59110000,375555.10176715197,8426310,17666000
AT,Austria,2013,167.14987861759695,100.71,44312.92839937102,49.81220781481883,0.025504712197311027,92.439,34.6,0,0,62790000,375650.886015,8477230,18712000
AT,Austria,2014,184.40505841037213,90.31,44257.731902144675,55.08615182400763,0.6612728488524834,91.424,35.7,0,0,69730000,378134.963330691,8543930,20830000
AT,Austria,2015,186.480052941235,49.66,44263.31343232799,55.98590386281497,1.0145015859052362,93.843,34.8,0,0,71230000,381971.148530543,8629520,21385000
AT,Austria,2016,191.15937336822475,41.31,44574.22123692517,56.92426834717003,1.9894371623045077,91.806,34.6,0,0,74470000,389570.224508691,8739810,22176000
AT,Austria,2017,197.4049432306193,52.43,45294.574142638885,58.33034926055316,2.2585724325067513,92.216,34,0,1,78640000,398368.95020469895,8795070,23237000
AT,Austria,2018,198.85747269624014,67.89,46169.30544284187,61.985496665433885,2.4253853608807403,93.986,34.1,1,0,81140000,408030.932405258,8837710,25292000
AT,Austria,2019,218.74646838636744,63.35,46628.33142133101,68.14115553588367,1.4505291839317211,95.658,34,0,1,90550000,413949.540159265,8877640,28207000
AT,Austria,2020,64.50322511403232,40.99,43344.03994780107,20.269485180237833,-6.6329914366255736,97.49,35.8,0,0,24930000,386492.30260855,8916850,7834000
BE,Belgium,1995,1175.6845292483683,25.66,31329.307940403967,928.5697350563603,0,99.566,1.3,0,0,373380000,317585.194591875,10137000,294900000
BE,Belgium,1996,1186.3624642927073,30.2,31680.804085917494,955.9268998465926,1.3214509304132274,100.453,1.2,1,0,381750000,321781.927100664,10157000,307600000
BE,Belgium,1997,1205.9370834070507,28.56,32805.149958596994,998.2357762691132,3.7936576295017197,99.601,1.2,0,0,402770000,333989.231728476,10181000,333400000
BE,Belgium,1998,1169.314302811525,19.2,33376.60100990513,1018.378202448611,1.9618082719842784,101.779,1.3,1,1,398200000,340541.460104062,10203000,346800000
BE,Belgium,1999,1179.6170084732194,27.19,34481.31922773822,906.1105789469481,3.5427434636306545,96.617,1.4,0,1,415940000,352605.97042285104,10226000,319500000
BE,Belgium,2000,1249.729281492415,44.3,35675.661285049944,797.8973488961288,3.7166793842089385,100.157,1.4,1,1,457040000,365711.203833047,10251000,291800000
BE,Belgium,2001,1259.0449369824598,37.6,35941.73552105735,753.2470085489357,1.0996188877784174,100.821,1.6,0,1,465510000,369732.633305117,10287000,278500000
BE,Belgium,2002,1263.7632245460304,38.46,36392.484527919485,666.4121879326541,1.7068845845335396,98.924,1.7,0,1,475230000,376043.542626992,10333000,250600000
BE,Belgium,2003,1287.1801748192092,40.55,36617.84974712905,736.9452601917527,1.03798254902911,100.801,1.9,1,1,489060000,379946.808976211,10376000,280000000
BE,Belgium,2004,1289.9873528792743,48.64,37761.777748855195,629.9625017803756,3.5712043433581218,99.813,2,1,1,507630000,393515.48592082004,10421000,247900000
BE,Belgium,2005,1234.9874016460767,65.99,38424.6474634947,572.4547953414054,2.321737053819352,100.759,2.4,1,0,497270000,402651.880769961,10479000,230500000
BE,Belgium,2006,1015.8890141431152,77.06,39147.60768126213,359.8681911408304,2.5523499436634784,100.778,2.9,0,0,419490000,412928.965821953,10548000,148600000
BE,Belgium,2007,1047.4598538534133,80.23,40289.09025702362,361.58772913611574,3.676881135949793,97.391,3.4,0,1,448430000,428111.873071133,10626000,154800000
BE,Belgium,2008,1046.8223039849104,99.98,40151.748650888425,356.723257133653,0.4469287352757215,101.262,4,1,0,450160000,430025.228051015,10710000,153400000
BE,Belgium,2009,890.8339777426361,66,39027.0028799222,308.30535969725696,-2.020743061694066,99.182,4.9,0,1,375340000,421335.52309164003,10796000,129900000
BE,Belgium,2010,1038.9618042609357,80.97,39776.41389080929,355.5575607644189,2.8642927076417277,101.319,6.3,0,0,450290000,433403.805754258,10896000,154100000
BE,Belgium,2011,989.9990594507875,104.36,39930.05014313127,335.11220855498306,1.6945138986133172,100.535,6.7,0,0,436340000,440747.893479883,11038000,147700000
BE,Belgium,2012,957.6898082221707,106.34,39975.32889918097,322.29295789613053,0.7392172830586107,99.213,7.7,0,0,425220000,444005.978083203,11107000,143100000
BE,Belgium,2013,980.932327244494,100.71,39971.77532696424,327.5453970160913,0.45924219290778867,101.92,8.3,0,0,437540000,446045.040873594,11159000,146100000
BE,Belgium,2014,931.4787722101636,90.31,40421.6263428941,307.4471447466491,1.5785331432260803,100.992,9.1,0,0,422040000,453086.0096775,11209000,139300000
BE,Belgium,2015,886.304282642523,49.66,41009.00965420294,292.8608728550104,2.0414590091995395,103.78,9.4,0,0,409770000,462335.574841484,11274000,135400000
BE,Belgium,2016,848.3700504109809,41.31,41319.55844427412,280.4405529178293,1.266686409020962,98.694,9.2,0,0,397200000,468191.91673207004,11331000,131300000.00000001
BE,Belgium,2017,853.1980232394579,52.43,41826.34379608519,280.5950190980406,1.6195802783879145,97.055,9.7,0,1,405930000,475774.660680469,11375000,133500000
BE,Belgium,2018,826.2354658538952,67.89,42382.518560317665,270.69716249767754,1.792945193020693,100.677,10.7,1,0,400150000,484305.03958875,11427000,131100000
BE,Belgium,2019,758.4051263065301,63.35,43098.40003706328,249.21362497330657,2.2408353310313416,101.483,10.2,0,1,375530000,495157.51802582,11489000,123400000
BE,Belgium,2020,791.6933917265212,40.99,40654.16191868672,259.21515504979936,-5.260779185975256,102.725,12.3,0,0,371390000,469108.374379726,11539000,121600000
DE,Germany,1995,942.3431559586121,25.66,31772.106683844886,212.12959746026482,0,95.804,2.3,0,0,2434380000,2583326.45025006,81308000,548000000
DE,Germany,1996,865.7472262923468,30.2,31966.016327647118,193.53772274103375,0.8058228914903499,97.172,2.3,1,0,2254530000,2604143.4861481,81466000,504000000
DE,Germany,1997,725.912890958299,28.56,32521.33389066446,150.1425642072293,1.792160820945863,96.725,2.8,0,0,1924260000,2650813.92542806,81510000,398000000
DE,Germany,1998,719.1370215124865,19.2,33202.36151740688,134.97524687845237,2.0139327851931244,99.171,3.1,1,1,1944690000,2704199.5361467204,81446000,365000000
DE,Germany,1999,619.3737002180452,27.19,33838.94823903761,108.15774949310729,1.8872611539946058,93.914,3.3,0,1,1706520000,2755234.84351892,81422000,298000000
DE,Germany,2000,571.4303569673359,44.3,34809.54540423033,97.3379777093988,2.91250296366686,94.592,3.7,1,1,1620280000,2835481.1399923903,81457000,276000000
DE,Germany,2001,557.4684147244077,37.6,35368.804809367866,92.2599179457667,1.6814684809710283,96.683,3.9,0,1,1607270000,2883158.8616452403,81517000,266000000
DE,Germany,2002,533.1698161099577,38.46,35272.3891427136,80.62691705450517,-0.19797383477138675,94.059,4.4,0,1,1534170000,2877450.96148429,81578000,232000000
DE,Germany,2003,554.2459597973765,40.55,35037.896812568884,84.695180292972,-0.7001166861143717,97.23,5.4,1,1,1583650000,2857305.4471681803,81549000,242000000
DE,Germany,2004,546.7778969738828,48.64,35490.096547359186,94.43486994367579,1.175088131609659,95.438,6.3,1,1,1580670000,2890881.30436169,81456000,273000000
DE,Germany,2005,547.8678994531782,65.99,35802.083798954474,108.17181058646437,0.7317071635544254,97.317,7.3,1,0,1595410000,2912034.08995556,81337000,315000000
DE,Germany,2006,485.26212978518186,77.06,37243.54378284799,88.9794434416569,3.8164419129879223,95.791,8.6,0,0,1467030000,3023170.1794851203,81173000,269000000
DE,Germany,2007,483.68639966488126,80.23,38437.78994741233,91.868262044611825,2.976455131315988,94.357,10.5,0,1,1505790000,3113153.48342082,80992000,286000000
DE,Germany,2008,466.4343656102214,99.98,38916.2992682881,93.22196772472059,0.9598791335647261,96.227,10.3,1,0,1466020000,3143035.99410402,80764000,293000000
DE,Germany,2009,489.19112496579663,66,36828.60565095126,94.1271199072119,-5.693836336402689,96.503,10.7,0,1,1450000000,2964076.6686055097,80483000,279000000
DE,Germany,2010,453.08059319348354,80.97,38463.10087347018,87.75987474478882,4.179882498736397,96.756,11.6,0,0,1399100000,3087971.59052568,80284000,271000000
DE,Germany,2011,455.1006194957456,104.36,39977.333243452755,93.48181160474063,3.9251927046341684,95.5,12.5,0,0,1460500000,3209180.42611817,80275000,300000000
DE,Germany,2012,449.6168181215394,106.34,40069.26577220774,87.81699692768206,0.4184975942177149,97.151,13.6,0,0,1448940000,3222610.7689955803,80426000,283000000
DE,Germany,2013,460.7205423758169,100.71,40134.81925272053,87.43439163393475,0.43759130314439926,96.475,13.6,0,0,1491220000,3236712.6334549,80646000,283000000
DE,Germany,2014,475.4084141750153,90.31,40850.909509885285,88.56701935023747,2.2095434313488242,95.908,14,0,0,1572760000,3308229.20483904,80983000,293000000
DE,Germany,2015,498.3134132233343,49.66,41103.06069939599,92.92391202457686,1.49193152760772,96.541,14.6,0,0,1673130000,3357585.71935156,81687000,312000000
DE,Germany,2016,447.09918112282327,41.31,41681.86470333641,76.03876211061602,2.2299998678202115,96.374,14.2,0,0,1534650000,3432459.87645505,82349000,261000000
DE,Germany,2017,407.6286647230176,52.43,42639.55544045126,67.52811863829425,2.6802311140587216,95.834,15.2,0,1,1436670000,3524457.7340413798,82657000,238000000
DE,Germany,2018,430.5794901489567,67.89,42928.62835636323,69.96266961211799,0.9812326060047504,95.484,16,1,0,1532450000,3559040.86251265,82906000,249000000
DE,Germany,2019,442.2295423923098,63.35,43292.664093175605,73.38802091446644,1.0754716357644554,97.339,17.1,0,1,1590840000,3597317.33749424,83093000,264000000
DE,Germany,2020,411.4050261401247,40.99,41601.90862304229,76.30815761809917,-3.826768716193103,96.544,18.6,0,0,1423320000,3459656.32300082,83161000,264000000
DK,Denmark,1995,3189.6857297293773,25.66,43338.18230302199,798.5575018064612,0,11.143,7.5,0,0,722970000,226658.693444805,5230000,181000000
DK,Denmark,1996,3410.3378868783334,30.2,44323.83536473337,797.4891211458008,2.9000997687400507,5.684,7.3,1,0,795400000,233232.021689227,5262000,186000000
DK,Denmark,1997,3271.7501436133043,28.56,45570.002219339265,668.5006512027793,3.26089015774814,-10.224,8.1,0,0,787960000,240837.461729208,5285000,161000000
DK,Denmark,1998,2753.5179513056178,19.2,46422.70770151575,524.0076353796134,2.2181587422377804,-6.153,8.5,1,1,677860000,246179.618941138,5303000,129000000
DK,Denmark,1999,2361.25697942816,27.19,47629.59005121199,453.76159723649954,2.948022160638839,-48.727,9.1,0,1,598430000,253437.048662499,5321000,115000000
DK,Denmark,2000,2296.1744272226365,44.3,49256.83526446703,616.1265730447992,3.746862595402024,-84.105,10.7,1,1,603740000,262932.986641725,5338000,162000000
DK,Denmark,2001,2409.7187484141973,37.6,49486.154079528664,633.729512270605,0.8231529980143467,-71.347,11.1,0,1,638810000,265097.327404035,5357000,168000000
DK,Denmark,2002,2608.382899090987,38.46,49541.21968945926,705.8816539932425,0.4663455714941131,-99.284,11.9,0,1,694700000,266333.597050533,5376000,188000000
DK,Denmark,2003,2572.9277254227354,40.55,49605.279041674214,695.6587980297833,0.3900585564854152,-99.795,12.7,1,1,687930000,267372.454034624,5390000,186000000
DK,Denmark,2004,2237.0323340411555,48.64,50806.318224864335,597.4356806649777,2.668219267417192,-116.42,14.4,1,1,614080000,274506.537368942,5403000,164000000
DK,Denmark,2005,2499.3879901195814,65.99,51839.9650331921,676.3472834414147,2.3366413082196007,-104.447,16.1,1,0,702130000,280920.77051486797,5419000,190000000
DK,Denmark,2006,2239.364130214204,77.06,53690.12740074416,589.2162006988575,3.9130079783104823,-86.46,15.3,0,0,653700000,291913.22267784603,5437000,172000000
DK,Denmark,2007,2007.7237917089892,80.23,53950.075336134614,509.2212995322169,0.9092389283023762,-66.199,17.7,0,1,591410000,294567.411335295,5460000,150000000
DK,Denmark,2008,2476.5305347726485,99.98,53351.388469759695,655.1577809448565,-0.5120167448490128,-49.435,18.5,1,0,725770000,293059.17686439,5493000,192000000
DK,Denmark,2009,2438.710292213632,66,50458.10039388285,638.7252170536866,-4.906547729651488,-57.326,19.3,0,1,679620000,278680.08847541496,5523000,178000000
DK,Denmark,2010,2138.5786249913,80.97,51179.767128133586,542.4556655883587,1.8709911471849097,-45.023,21.2,0,0,607130000,283894.16825975705,5547000,154000000
DK,Denmark,2011,2052.2494244147333,104.36,51649.76703457595,521.3960022056029,1.336777766903116,-48.995,23.8,0,0,590410000,287689.202382588,5570000,150000000
DK,Denmark,2012,2002.9422277163028,106.34,51572.31583384439,506.3452379037975,0.22649979180289492,-36.197,26.9,0,0,577530000,288340.817827024,5591000,146000000
DK,Denmark,2013,1957.997605880922,100.71,51849.63848563585,508.5351075220702,0.9333409723712782,-15.486,27.1,0,0,569840000,291032.020819874,5613000,148000000
DK,Denmark,2014,1556.5775866531553,90.31,52409.175146756694,398.9924084393881,1.6193938110304857,-9.845,30.2,0,0,460350000,295744.975353148,5643000,118000000
DK,Denmark,2015,1430.8177426828954,49.66,53268.75586885903,436.52380315938507,2.3425911075703505,5.347,32.5,0,0,433070000,302673.070846857,5682000,132124000
DK,Denmark,2016,1572.7795327143747,41.31,54546.64139159767,367.1226919991386,3.245956985243983,2.627,32,0,0,491490000,312497.708532463,5729000,114725000
DK,Denmark,2017,1588.2828214505075,52.43,55735.571542033475,343.58434613260687,2.8217363412903183,-5.313,35,0,1,510340000,321315.569939823,5765000,110399000
DK,Denmark,2018,1480.7377617088853,67.89,56559.93495039109,349.5395536125043,1.989537314964285,18.32,34.6,1,0,485250000,327708.26310256595,5794000,114547000
DK,Denmark,2019,1448.2150234284832,63.35,57177.67634073389,358.8787951679901,1.4934869585364248,44.821,37.3,0,1,481680000,332602.543274049,5817000,119364000
DK,Denmark,2020,1483.8915018721577,40.99,55666.9901274374,356.0254987589115,-2.424512678619123,55.341,39.7,0,0,481580000,324538.55244296003,5830000,115544000
EE,Estonia,1995,1221.959850596883,25.66,7081.016082113805,390.0909339495237,0,105.775,17.9,0,0,12530000,10254.019388509001,1448100,4000000
EE,Estonia,1996,2039.796560471543,30.2,7550.432958756875,650.5045978724738,4.9430144912667044,101.893,20.1,1,0,21950000,10760.877052820299,1425200,7000000
EE,Estonia,1997,1546.2172098491847,28.56,8652.32794794936,493.2112312118611,13.05001474418343,96.291,20.1,0,0,18810000,12165.173094816799,1406000,6000000
EE,Estonia,1998,1481.9051136875078,19.2,9111.42084570605,472.6970059609275,4.339825510261274,101.137,17.9,1,1,18810000,12693.1203801531,1393100,6000000
EE,Estonia,1999,1239.796460752127,27.19,9164.132413978683,395.59555225020006,-0.425025156761717,92.146,20,0,1,15670000,12639.1714253594,1379200,5000000
EE,Estonia,2000,1576.810412988763,44.3,9929.46894675116,503.08445263998817,10.087634440694714,101.467,19.8,1,1,21940000,13914.1648350824,1401300,7000000
EE,Estonia,2001,1484.1154929089116,37.6,10590.59809473476,474.5915235432792,6.00367425106584,93.712,18.9,0,1,21890000,14749.5259665371,1392700,7000000
EE,Estonia,2002,1588.745874106457,38.46,11382.920591056452,507.992285885358,6.771367930436524,100.99,19.3,0,1,25020000,15748.2706377266,1383500,8000000
EE,Estonia,2003,1661.2392663571666,40.55,12321.97568954261,531.124454607975,7.600265185086908,97.816,19.9,1,1,28150000,16945.180968259,1375200,9000000
EE,Estonia,2004,1381.3580014849047,48.64,13246.089729974969,442.0345604751695,6.804007770501019,99.308,20,1,1,25000000,18098.1323980648,1366300,8000000
EE,Estonia,2005,1260.7052895481454,65.99,14586.973113690263,403.5871275064091,9.526426971620852,98.847,18.9,1,0,24990000,19822.2377641937,1358900,8000000
EE,Estonia,2006,1005.1477666745734,77.06,16108.680624010662,321.7208215236403,9.765583369977511,105.361,17.2,0,0,21870000,21757.9949188512,1350700,7000000
EE,Estonia,2007,1068.9080901714708,80.23,17430.23600282009,341.7771671211737,7.579140520467453,105.068,18.7,0,1,25020000,23407.0639281871,1342900,8000000
EE,Estonia,2008,986.2282375924157,99.98,16591.312898406006,315.2327700067082,-5.1320009576849905,95.682,20.5,1,0,21900000,22205.8131832266,1338400,7000000
EE,Estonia,2009,1318.752324786962,66,14192.792208022385,422.00074393182786,-14.62905503242227,106.817,24.2,0,1,25000000,18957.312552255502,1335700,8000000
EE,Estonia,2010,1289.3472631046939,80.97,14565.87379455494,411.9320329407968,2.444265117997792,95.781,25.3,0,0,25040000,19420.6795302801,1333300,8000000
EE,Estonia,2011,750.316115278387,104.36,15666.105069432955,240.02434909737264,7.263084581286834,100.337,25.2,0,0,15630000.000000002,20831.219910825002,1329700,5000000
EE,Estonia,2012,581.7605252926203,106.34,16226.75328615077,186.0145564484797,3.2282004935896396,100.283,25,0,0,12510000,21503.693454807,1325200,4000000
EE,Estonia,2013,572.9395740851473,100.71,16525.760852888958,183.34066370724713,1.4584286361601488,103.619,24.5,0,0,12500000,21817.309477984,1320200,4000000
EE,Estonia,2014,834.2859527117733,90.31,17080.337928013756,266.97150486776746,3.011366586514632,101.688,25.3,0,0,18750000,22474.3086456805,1315800,6000000
EE,Estonia,2015,817.7971500588287,49.66,17429.956666527676,262.11447117270154,1.8530200462933475,101.744,28.2,0,0,18720000,22890.762090150798,1313300,6000000
EE,Estonia,2016,659.8033866324349,41.31,17944.44480918892,211.74691483711007,3.1555648143829162,101.507,27.2,0,0,15580000,23613.0949244117,1315900,5000000
EE,Estonia,2017,818.629495579812,52.43,18988.123997799255,262.0415001498997,5.79204467466509,115.048,27.5,0,1,20450000,24980.7759315047,1315600,6546000
EE,Estonia,2018,774.5091252749082,67.89,19653.937569855436,247.74263504186928,3.7842008495280406,84.63,28.6,1,0,20080000,25926.098666523398,1319130,6423000
EE,Estonia,2019,616.8281721034125,63.35,20301.368269378407,198.17324637198243,3.7397066816166604,129.644,31.3,0,1,16590000,26895.6587106379,1324820,5330000
EE,Estonia,2020,748.4821936494438,40.99,20127.67293971879,239.64889417047627,-0.5510012577471706,129.961,40,0,0,20020000,26747.4632928629,1328890,6410000
EL,Greece,1995,10967.210862147418,25.66,15946.744556032574,3283.222775056448,0,98.593,8.3,0,0,1847230000,168432.06747994502,10562160,553000000
EL,Greece,1996,9110.847898582677,30.2,16331.016079983823,2735.8863615175287,2.86212869190303,97.582,8.2,1,0,1578480000,173252.810009654,10608820,474000000
EL,Greece,1997,10521.826001023299,28.56,16979.321604525147,3181.9370060007036,4.484199249324217,99.828,8,0,0,1904680000,181021.81121554002,10661310,576000000
EL,Greece,1998,15626.79798331906,19.2,17543.1379422138,4732.21918058162,3.894904744502803,102.487,7.6,1,1,2938970000,188072.438329159,10720570,890000000
EL,Greece,1999,14893.5925952863,27.19,18013.043140288577,4539.5656199048,3.072597035192504,95.273,8,0,1,2887140000,193851.14649327498,10761710,880000000
EL,Greece,2000,8283.508372680137,44.3,18642.735068709953,2477.045548937436,3.9197705299383623,100.318,7.8,1,1,1668710000,201449.66660546602,10805800,499000000
EL,Greece,2001,10819.9450089881,37.6,19312.271067628324,3241.602572161406,4.131611986270302,98.54,7.1,0,1,2269730000,209772.785177239,10862150,680000000
EL,Greece,2002,9413.404087651823,38.46,19996.487114612904,2811.9020660045453,3.922871741531747,102.64,7.3,0,1,2052140000,218001.90248838102,10902010,613000000
EL,Greece,2003,8775.155418920074,40.55,21104.70281166425,2631.87456544926,5.794531660755693,96.127,7.6,1,1,2023850000,230634.09174912,10928090,607000000
EL,Greece,2004,9357.860065146446,48.64,22118.02162793259,2818.7444263849234,5.060992492401784,104.829,7.9,1,1,2267470000,242306.465817462,10955160,683000000
EL,Greece,2005,8950.385135240598,65.99,22185.351855671022,2682.9863816546276,0.5991420365309907,97.782,8,1,0,2181730000,243758.22571140702,10987350,654000000
EL,Greece,2006,9285.63533352229,77.06,23369.091058269714,2784.0714120806233,5.652433535740652,101.338,8.5,0,0,2391390000,257536.497407645,11020390,717000000
EL,Greece,2007,8384.48021529836,80.23,24072.73299048704,2519.1039211882962,3.2737468757314705,100.971,8.1,0,1,2230000000,265967.590445396,11048500,670000000
EL,Greece,2008,7572.692129801751,99.98,23928.460921945396,2267.273092755015,-0.33517254306103167,101.295,8.3,1,0,2007340000.0000002,265076.14010878204,11077860,601000000
EL,Greece,2009,11724.723336218092,66,22839.24236977326,3563.6019123758206,-4.300733486682211,96.763,9.2,0,1,2974280000,253675.921785919,11107020,904000000
EL,Greece,2010,10154.848512413351,80.97,21560.277746401436,3056.9683562151627,-5.477808049268451,98.697,11.4,0,0,2434930000,239780.041723274,11121380,733000000
EL,Greece,2011,8171.775102108276,104.36,19400.736103895113,2427.5448598188236,-10.149314829868453,93.929,11.4,0,0,1760560000,215444.01038958898,11104940,523000000
EL,Greece,2012,8735.70617403362,106.34,18123.672738083624,2682.637312404816,-7.086696786380365,101.387,14.2,0,0,1748680000,200176.146628861,11045010,537000000
EL,Greece,2013,7488.32681244048,100.71,17796.259291046867,2249.670129860581,-2.5159972218961886,94.73,16.6,0,0,1461270000,195139.72034078,10965210,439000000
EL,Greece,2014,7772.864830303336,90.31,18000.472998710567,2335.924365508709,0.4756959471367055,99.93,16.4,0,0,1524010000,196067.992081695,10892380,458000000
EL,Greece,2015,9282.334736171595,49.66,18083.832783321828,2785.1092442267777,-0.1960876297237803,105.487,17.5,0,0,1816400000,195683.527003375,10820910,545000000
EL,Greece,2016,9697.981677055144,41.31,18070.765639734484,2911.7207985693685,-0.487173294302155,99.698,16.4,0,0,1888490000,194730.209118466,10775980,567000000
EL,Greece,2017,9831.199593057758,52.43,18304.288955243155,2950.6145961061134,1.0921491201728015,98.097,16.4,0,1,1935340000,196856.953384064,10754690,580849000
EL,Greece,2018,10488.18636430496,67.89,18647.481821422745,3132.2459536814786,1.6684286360249365,97.935,17.9,1,0,2099120000,200141.37116632998,10732890,626892000
EL,Greece,2019,10662.863776487746,63.35,19018.01771522837,3196.0636862040437,1.8794899859084468,95.719,18.5,0,1,2174190000,203903.008195061,10721570,651687000
EL,Greece,2020,9463.05215952699,40.99,17283.26026271677,2837.304022657477,-9.316435764787377,106.438,20.1,0,0,1749780000,184906.515414099,10698590,524635999.99999994
ES,Spain,1995,7482.756281139612,25.66,20004.384255974084,2358.5613967773,0,101.466,8.3,0,0,5945440000,794552.1378246091,39718900,1874000000
ES,Spain,1996,7749.214686485912,30.2,20451.473625044648,2451.9068074950246,2.6605616042964275,98.963,10.1,1,0,6320970000,815691.686929687,39884250,2000000000
ES,Spain,1997,5997.605172561631,28.56,21120.930373043975,1891.493018608805,3.702494627166194,100.228,9.2,0,0,5073330000,845892.6278125,40049970,1600000000
ES,Spain,1998,5992.875564116498,19.2,21958.820459063285,1888.9001840402111,4.39310073452254,100.823,8.9,1,1,5292030000,883053.543058203,40214070,1668000000
ES,Spain,1999,5423.71208302296,27.19,22856.454703968102,1712.3519015238837,4.490553378406346,100.177,7.7,0,1,5004500000,922707.53376914,40369670,1580000000
ES,Spain,2000,4496.689222168499,44.3,23945.921826180518,1416.9319728459247,5.245943823778056,101.034,7.9,1,1,4366790000,971112.252648437,40554390,1376000000
ES,Spain,2001,4305.532181926977,37.6,24758.496945259845,1357.368163024659,3.933002764892515,99.293,8.9,0,1,4345600000,1009306.1243953101,40766050,1370000000
ES,Spain,2002,4223.510220787503,38.46,25030.942641695103,1329.964535880958,2.7309483293102716,101.174,7.4,0,1,4379230000,1036869.75313711,41423520,1379000000
ES,Spain,2003,4594.430241115542,40.55,25305.306868887576,1445.042655352614,2.9819363164470056,99.603,8.9,1,1,4905880000,1067788.54886016,42196230,1543000000
ES,Spain,2004,4581.427667921194,48.64,25691.88203509564,1442.1512889927087,3.1227335166259653,99.377,8,1,1,5044760000,1101132.7397621102,42859170,1588000000
ES,Spain,2005,4238.220150273545,65.99,26140.14678652536,1334.3881869287304,3.652084191901125,101.243,7.3,1,0,4837280000,1141347.03448281,43662610,1523000000
ES,Spain,2006,4461.2109283980235,77.06,26784.467732090383,1402.1528153336844,4.102685740727283,100.839,8.5,0,0,5300690000,1188172.91651875,44360520,1666000000
ES,Spain,2007,3736.7726528461594,80.23,27212.90941963162,1173.8391217706817,3.6047384619984624,99.654,9,0,1,4599980000,1231003.4426355502,45236010,1445000000
ES,Spain,2008,3349.377618962765,99.98,27008.213407320116,1054.0103669815778,0.8870670455763208,100.365,9.7,1,0,4159670000,1241923.2685050801,45983170,1309000000
ES,Spain,2009,2894.338747669073,66,25776.396780208786,908.6433824288908,-3.763107042447609,98.866,12.2,0,1,3459280000,1195188.36652617,46367550,1086000000
ES,Spain,2010,2764.7495455237495,80.97,25710.304984812235,868.7403777123252,0.16291951775849997,99.882,14.4,0,0,3309780000,1197135.56164922,46562480,1040000000
ES,Spain,2011,2173.2776107607842,104.36,25406.103780646976,688.0658967927242,-0.8143847766487746,99.793,14.7,0,0,2580520000,1187386.2718793,46736260,817000000
ES,Spain,2012,2333.6292589986106,106.34,24638.467717950494,734.2141123468534,-2.95892213230097,96.758,15.8,0,0,2688930000,1152252.43668476,46766400,846000000
ES,Spain,2013,1411.6581736547002,100.71,24382.987656939076,440.9891411439397,-1.4033418679056329,97.355,16.9,0,0,1603760000,1136082.3958168,46593240,501000000
ES,Spain,2014,891.4617059462257,90.31,24796.82657260621,281.26475808647024,1.3957753672795463,101.662,17.3,0,0,1026910000,1151939.5540496102,46455120,324000000
ES,Spain,2015,1138.4124598155247,49.66,25773.60709413113,369.51671947130245,3.838518876674981,102.151,16.3,0,0,1361720000,1196156.97127969,46410150,442000000
ES,Spain,2016,1574.2232887713112,41.31,26533.842149561664,507.91342155572096,3.0377741417245407,99.236,16.7,0,0,1940220000,1232493.51844766,46449870,626000000
ES,Spain,2017,2435.947139844991,52.43,27274.689409016893,759.5517713344001,2.9757607292486155,97.849,15.2,0,1,3091630000,1269169.57656016,46532870,964000000
ES,Spain,2018,2460.3837083716085,67.89,27780.792350970845,767.2377953331336,2.284469419476013,98.957,16.9,1,0,3193980000,1298163.36741797,46728810,996000000
ES,Spain,2019,2529.9442714373163,63.35,28105.474412000036,790.0788513672234,1.9839662230884425,101.835,16.7,0,1,3349440000,1323918.49014805,47105360,1046000000
ES,Spain,2020,2124.1886478699657,40.99,24834.873463644813,683.6312836792301,-11.167297859698806,99.355,19.4,0,0,2498200000,1176072.56893359,47355690,804000000
FI,Finland,1995,3061.546373184039,25.66,29912.83941074181,870.4826466713923,0,94.958,27.3,0,0,467770000,152788.801142187,5107800,133000000
FI,Finland,1996,3135.956979298319,30.2,30908.13746240565,814.4358888073184,3.6671798297852516,97.414,26.9,1,0,496710000,158391.84123984398,5124600,129000000
FI,Finland,1997,3127.9379562467275,28.56,32768.60126792385,754.0490498525767,6.333795654183845,98.312,28.8,0,0,526819999.99999994,168424.056796875,5139800,127000000
FI,Finland,1998,2892.0938179656364,19.2,34464.9775070946,737.5492332843373,5.457180500658469,96.772,30.5,1,1,513680000,177615.261582812,5153500,131000000
FI,Finland,1999,2886.662119712556,27.19,35890.824984799925,879.2083366278875,4.379575722745643,94.541,30.2,0,1,535170000.00000006,185394.056458984,5165500,163000000
FI,Finland,2000,2731.8039515098417,44.3,37884.45719153897,815.9205380652879,5.77336245848204,104.066,31.7,1,1,535699999.99999994,196097.527314844,5176200,160000000
FI,Finland,2001,2423.717309762061,37.6,38784.83235915517,725.5894671312943,2.6100191239206803,103.436,29.3,0,1,487690000,201215.710279297,5188000,146000000
FI,Finland,2002,2504.7549030255886,38.46,39351.37526221436,742.7287266092266,1.7071489619806468,93.885,29.5,0,1,512599999.99999994,204650.762188672,5200600,152000000
FI,Finland,2003,2500.580572624722,40.55,40044.41239831613,752.0903254829145,2.003784202850622,101.183,28.4,1,1,522000000,208751.521832422,5213000,157000000
FI,Finland,2004,2339.9121488186033,48.64,41521.952709136225,695.5798379234766,3.9920912903206855,96.144,31.1,1,1,507959999.99999994,217085.073153906,5228200,151000000
FI,Finland,2005,2299.214136398451,65.99,42530.58724881645,685.7305319083099,2.7798505555615125,99.097,31.5,1,0,513000000,223119.71376601598,5246100,153000000
FI,Finland,2006,2358.5810149720064,77.06,44073.76311018875,706.5747597095738,4.027409658025341,100.39,31.3,0,0,547440000,232105.658667187,5266300,164000000
FI,Finland,2007,2292.663212924882,80.23,46212.81573404731,691.4731823255613,5.299336507390322,100.202,31.8,0,1,560340000,244405.718572656,5288700,169000000
FI,Finland,2008,1897.882810876509,99.98,46358.61168644672,576.4815485774333,0.7839950608767656,103.588,34.6,1,0,467490000,246321.847334766,5313400,142000000
FI,Finland,2009,2139.8850907635237,66,42411.86747409054,649.199464114909,-8.074447432311395,101.122,32.5,0,1,484540000,226432.719257422,5338900,147000000
FI,Finland,2010,2296.54360400938,80.97,43563.18232320282,719.0341150873605,3.185958654077129,92.272,33.4,0,0,536579999.99999994,233646.772072266,5363400,168000000
FI,Finland,2011,2132.9777732159637,104.36,44466.586628522724,667.7815593365832,2.5476648384262295,99.935,35.1,0,0,511059999.99999994,239599.308730469,5388300,160000000
FI,Finland,2012,2056.3739992119704,106.34,43637.014929176585,630.6856981651302,-1.3975457281781263,95.631,38.7,0,0,485820000,236250.798826562,5414000,149000000
FI,Finland,2013,2042.1532091826198,100.71,43044.775524280565,623.6104004113331,-0.9016963161948444,109.192,38.5,0,0,478110000,234120.534076562,5439000,146000000
FI,Finland,2014,1770.8951566704745,90.31,42703.19618320934,548.7292843056495,-0.3649081568819648,98.175,41.3,0,0,413090000,233266.209150781,5462500,128000000
FI,Finland,2015,1817.985046220222,49.66,42794.340367624485,550.0259650133886,0.5436592117657447,109.478,43.2,0,0,426380000,234534.38238476598,5480500,129000000
FI,Finland,2016,1710.0860458634959,41.31,43878.99068180991,501.8077156529235,2.8114577666341884,97.364,42.4,0,0,412350000,241128.21749375,5495300,121000000
FI,Finland,2017,1716.8220733334072,52.43,45173.74422295959,506.37791437067654,3.1924096296840636,96.11,44.5,0,1,427190000,248826.01792890602,5508200,126000000
FI,Finland,2018,1715.277297064984,67.89,45622.33655004242,500.6716691690133,1.1397180134306715,98.182,44.3,1,0,431670000,251661.932877344,5516200,126000000
FI,Finland,2019,1709.7153494481915,63.35,46135.93155742901,510.3159191538433,1.2247489220621406,95.12,45.6,0,1,435540000,254744.1596875,5521600,130000000
FI,Finland,2020,1436.2498392551422,40.99,44975.32382662068,446.24008329317803,-2.3549651567942886,102.416,47.5,0,0,357260000,248745.02348789098,5530700,111000000
FR,France,1995,641.5269127326899,25.66,29751.953669539223,230.92552327228657,0,96.972,10.8,0,0,1136230000,1771133.8019476698,59530000,409000000
FR,France,1996,639.0689699710061,30.2,30065.277535079174,238.2861466434271,1.4129936725000534,96.65,10.6,1,0,1147870000,1796159.8105007,59742000,428000000
FR,France,1997,635.6646028483849,28.56,30658.384285139357,242.6387655832011,2.3362965293790987,98.226,10.1,0,0,1168430000,1838123.42981553,59955000,446000000
FR,France,1998,644.0933265045189,19.2,31641.97386880567,250.51370809326042,3.588659425354249,98.801,9.8,1,1,1226410000,1904087.41952925,60176000,477000000
FR,France,1999,656.2249153688985,27.19,32556.307431476846,241.21061922540878,3.4213737988246473,96.465,9.9,0,1,1292260000,1969233.36760774,60487000,475000000
FR,France,2000,594.3074785256229,44.3,33602.60695304303,227.70588694178025,3.9236692270405844,99.533,9.3,1,1,1216250000,2046499.5712611799,60903000,466000000
FR,France,2001,606.8191133383554,37.6,34020.61064074656,203.63218277980957,1.9837214186329828,97.763,9.5,0,1,1266490000,2087096.42158852,61348000,425000000
FR,France,2002,629.7813541176896,38.46,34157.48686837983,203.24085705424412,1.135531482145983,98.711,8.7,0,1,1329340000,2110796.0585184,61796000,429000000
FR,France,2003,634.845511678809,40.55,34195.730751598945,212.8588047832816,0.8231607566841952,99.416,8.9,1,1,1351060000,2128171.30332576,62235000,453000000
FR,France,2004,609.2963290458108,48.64,34905.38787956535,236.70333921742488,2.8297529286988756,97.833,9,1,1,1333380000,2188393.29310935,62695000,518000000
FR,France,2005,575.3394137227796,65.99,35220.22365134103,209.00838851344326,1.6632199803009216,99.38,8.7,1,0,1280010000,2224791.08760791,63168000,465000000
FR,France,2006,552.340261204722,77.06,35832.15564836157,209.71503396179094,2.449323601118875,98.467,8.5,0,0,1258940000,2279283.4207922798,63610000,478000000
FR,France,2007,537.5425597252042,80.23,36475.63445440713,212.46064260964945,2.4247362433728994,98.03,9.5,0,1,1254920000,2334550.03198542,64003000,496000000
FR,France,2008,533.663319999909,99.98,36365.21920074331,202.52066681608025,0.25494596012400333,97.878,10.6,1,0,1249040000,2340501.8729790403,64361000,474000000
FR,France,2009,554.3468345972851,66,35139.614001832066,210.7113593976206,-2.873313828496232,97.84,11.3,0,1,1260170000,2273251.90900652,64692000,479000000
FR,France,2010,554.067995648671,80.97,35648.85230175109,207.5451922427639,1.9494376231267487,97.907,12,0,0,1284090000,2317567.5369891403,65011000,481000000
FR,France,2011,540.4822604225744,104.36,36252.638221876165,194.90033430109287,2.1927006326662997,98.345,10.7,0,0,1280070000,2368384.85503517,65330000,461599000
FR,France,2012,557.163646815185,106.34,36188.345814314176,193.18283913915025,0.31313475107742955,98.215,12.4,0,0,1323710000,2375801.09105554,65651000,458964000
FR,France,2013,557.7458229930621,100.71,36209.38410514782,193.45648208882662,0.5763266747717062,99.302,13.4,0,0,1332730000,2389493.46648281,65991000,462263000
FR,France,2014,548.1479532999022,90.31,36378.65541752383,191.26024217532472,0.9561830523713691,98.562,13.2,0,0,1322320000,2412341.39804684,66312000,461385000
FR,France,2015,546.6120891212986,49.66,36634.905501006295,191.14142782967176,1.1129123405748909,98.599,13.3,0,0,1333290000,2439188.6431625,66581000,466230000
FR,France,2016,532.8176968078283,41.31,36897.68350747318,186.51904180906607,1.0954644037205696,97.651,14.3,0,0,1313880000,2465909.08648794,66831000,459939000
FR,France,2017,520.6045882146602,52.43,37582.33264796966,181.70098379010045,2.2914199941700155,99.114,14.1,0,1,1313180000,2522413.42033378,67117000,458325000
FR,France,2018,515.0385606369507,67.89,38094.82864389747,177.90093580343813,1.86506607082018,98.038,15.2,1,0,1323370000,2569458.09720224,67449000,457109000
FR,France,2019,512.6504124088631,63.35,38621.11821415092,178.22408084086825,1.842971814458928,98.42,15.5,0,1,1341510000,2616812.48571801,67756000,466379000
FR,France,2020,542.6798522337346,40.99,35579.730138428284,166.9994630767849,-7.5404591624939705,98.536,16.9,0,0,1313010000,2419492.8088734,68002000,404054000
HR,Croatia,1995,2974.492164605558,25.66,7305.939775808037,968.7838026155555,0,55.315,30.3,0,0,100400000,33753.6609424264,4620030,32700000.000000004
HR,Croatia,1996,4246.143297151251,30.2,7854.739923263303,1335.3881808265664,6.047268073701469,61.609,34.3,1,0,151990000,35794.8353043032,4557100,47800000
HR,Croatia,1997,3173.420723893577,28.56,8380.115880805835,989.391535807616,6.169381105143189,58.92,29.2,0,0,120600000,38003.155110184,4534920,37600000
HR,Croatia,1998,2374.856977538839,19.2,8573.67089600842,728.3100613821971,2.2469758154968695,62.115,28.1,1,1,92280000,38857.0768146356,4532140,28300000
HR,Croatia,1999,2322.1580552703504,27.19,8537.098230251497,744.9802837721782,-0.8558732876103471,66.576,27.8,0,1,89460000,38524.5094738329,4512600,28700000
HR,Croatia,2000,2208.3331348085894,44.3,8876.619696993332,716.0253571019972,2.9562746775944677,60.73,26.8,1,1,87590000,39663.3997920753,4468300,28400000
HR,Croatia,2001,2295.040403846667,37.6,9510.921115545396,709.0249463252725,3.1208643882293123,67.401,26.9,0,1,93870000,40901.2407113472,4300450,29000000
HR,Croatia,2002,2614.255000620653,38.46,10052.846923494997,808.6515689060792,5.820577824879107,81.472,24.6,0,1,113150000,43281.9292582923,4305440,35000000
HR,Croatia,2003,2483.286570712618,40.55,10615.473631538802,787.6503660410066,5.599633454997988,70.712,24.8,1,1,113500000,45705.5586490082,4305560,36000000
HR,Croatia,2004,1955.8540427102723,48.64,11052.18719247625,609.0386259916021,4.17994871288323,77.67,26.6,1,1,93130000,47616.02755947351,4308290,29000000
HR,Croatia,2005,2048.8418223099493,65.99,11519.222143878196,644.2898812295438,4.307492847991096,79.394,26.8,1,0,101760000,49667.0845410953,4311670,32000000
HR,Croatia,2006,2029.3703726972392,77.06,12100.273515208892,632.321993192417,5.0768354052460225,76.581,25.5,0,0,105910000,52188.6006738311,4313010,33000000
HR,Croatia,2007,2007.2146833875522,80.23,12715.13153821615,620.0172547940108,5.075021812069179,81.596,22.7,0,1,110070000,54837.18354144171,4312750,34000000
HR,Croatia,2008,2388.795875460856,99.98,12976.542520065646,756.1630287509856,2.0116534187523074,84.237,24.1,1,0,133630000,55940.3176189006,4310880,42300000
HR,Croatia,2009,2859.009134495379,66,12052.656879956321,893.9822349254368,-7.217907254503802,77.863,27.2,0,1,148390000,51902.5973752935,4306320,46400000
HR,Croatia,2010,2294.692563839582,80.97,11930.4551676521,721.8468360998514,-1.2430713459024714,80.653,29.8,0,0,117620000,51257.4110595421,4296350,37000000
HR,Croatia,2011,2321.785444610305,104.36,11957.938968164384,730.2562915518074,-0.08294428675320994,81.205,27.2,0,0,118910000,51214.8959655306,4282920,37400000
HR,Croatia,2012,2262.252771885031,106.34,11716.048763229095,709.7655625445744,-2.3399067981829975,75.13,29.4,0,0,113150000,50016.5151331508,4269060,35500000
HR,Croatia,2013,2472.3969142854767,100.71,11709.551529809825,782.8487428524284,-0.3967936192218955,78.793,32.8,0,0,123170000,49818.052792545306,4254480,39000000
HR,Croatia,2014,2779.30003273991,90.31,11710.413761592257,866.8303576399226,-0.42562376835117244,75.746,33.6,0,0,137870000,49606.0153189305,4236060,43000000
HR,Croatia,2015,2591.3656691798196,49.66,12085.901711811268,806.1764355138677,2.5225533986332267,81.444,33.1,0,0,131789999.99999999,50857.3535442847,4207990,41000000
HR,Croatia,2016,2538.6831219031537,41.31,12623.078788360577,797.4324367656305,3.562287828927147,78.987,31.8,0,0,133710000,52669.0388597072,4172439.9999999995,42000000
HR,Croatia,2017,2601.9305948124675,52.43,13186.81351367018,813.4476030359372,3.3995739593672054,77.13,29.8,0,1,141700000,54459.5617894308,4129850.0000000005,44300000
HR,Croatia,2018,2696.1096334240838,67.89,13687.919051859042,842.9249168551153,2.8203231384536775,82.112,32.8,1,0,150970000,55995.497411678596,4090870,47200000
HR,Croatia,2019,2712.300669960053,63.35,14235.602695568215,848.0257443647388,3.399716612511719,76.278,31.6,0,1,157040000,57899.185639442,4067210,49100000
HR,Croatia,2020,2429.6728258901812,40.99,13076.70405346825,759.567988185592,-8.591423760222058,73.684,32.4,0,0,128590000.00000001,52924.821247439904,4047260,40200000
IE,Ireland,1995,904.7283760546968,25.66,28251.810204623052,285.0312102725281,0,100.199,1.9,0,0,92050000,101743.244089909,3601300,29000000
IE,Ireland,1996,960.2612903248055,30.2,30129.206090441523,302.0553100821522,7.379625233893711,101.198,2,1,0,104910000,109251.51420455,3626100,33000000
IE,Ireland,1997,891.0657388190061,28.56,33101.26323168272,280.3130562532033,11.021764543015829,101.621,1.9,0,0,108080000,121292.95885985499,3664300,34000000
IE,Ireland,1998,892.0934061715806,19.2,35519.45442368006,280.4610079730519,8.766121687058753,101.648,2.3,1,1,117690000,131925.647231344,3714180,37000000
IE,Ireland,1999,894.8185760327464,27.19,38835.102955167014,281.1738321378188,10.529886291403045,100.934,2.1,0,1,130480000.00000001,145817.26787400202,3754780,41000000
IE,Ireland,2000,956.3137701234677,44.3,41934.476083813104,300.3524796504061,9.403524676989731,98.778,2,1,1,152560000,159529.23064184602,3804250,47915000
IE,Ireland,2001,907.7728558879714,37.6,43478.846447752214,284.7192358687053,5.3058215280822125,101.756,2,0,1,152500000,167993.566904825,3863800,47831000
IE,Ireland,2002,910.20938159812,38.46,45246.92474149853,285.2435328757994,5.899365268939546,101.453,2.3,0,1,161930000,177904.12104486098,3931850,50746000
IE,Ireland,2003,952.3322888666181,40.55,45850.96892388122,298.2661294564091,3.0138386917136026,100.507,2,1,1,174530000,183265.864279064,3996990,54662000
IE,Ireland,2004,1159.7996952018327,48.64,48116.392163419674,362.9726458205894,6.7881399712702395,100.307,2.3,1,1,226980000,195706.207665885,4067350,71036000
IE,Ireland,2005,1019.9125200609105,65.99,49744.90847491376,319.2820052376788,5.739781672137084,100.01,2.9,1,0,211060000,206939.31670472602,4160010,66072000
IE,Ireland,2006,1150.5968881422828,77.06,50882.97569969788,478.56232598934946,4.987853812277651,100.836,3.2,0,0,249980000,217261.14730208402,4269820,103973000
IE,Ireland,2007,862.8135952249474,80.23,51997.41171294493,382.7656320116509,5.310118220512282,97.07,3.6,0,1,197410000,228797.97107106601,4400180,87576000
IE,Ireland,2008,936.2651986896647,99.98,48606.99515179303,392.7088210837418,-4.4840706456978845,101.176,4.2,1,0,204610000,218538.508412316,4496030,85822000
IE,Ireland,2009,961.4167181463752,66,45691.77113140449,405.9598967791893,-5.095783184572346,99.082,5.3,0,1,199400000,207402.25984882598,4539160,84197000
IE,Ireland,2010,948.3491954568237,80.97,46250.749896413196,390.63925884659756,1.6829720220436506,97.482,5.3,0,0,200000000,210892.781855168,4559770,82383000
IE,Ireland,2011,812.8513262159845,104.36,46651.071208133166,347.1870510206126,1.2807520913508341,101.753,7,0,0,173620000,213593.795569286,4578540,74157000
IE,Ireland,2012,860.1761141822926,106.34,46399.03539075181,362.0577787707287,-0.12969211099492747,99.325,6.9,0,0,183490000,213316.78126685802,4597440,77233000
IE,Ireland,2013,831.6095750569076,100.71,46714.40741675007,352.05793810995067,1.1746143739575017,101.084,7.7,0,0,179480000,215822.430841682,4620040,75982000
IE,Ireland,2014,956.5841970075732,90.31,50484.55881704045,362.2358023215299,8.82899872730276,98.389,8.8,0,0,224680000,234877.390513928,4652460,85081000
IE,Ireland,2015,757.9586681006759,49.66,62261.18972431699,236.42427372046444,24.475253336237596,104.65,9.5,0,0,221600000,292364.22687175596,4695770,69122000
IE,Ireland,2016,895.0475762826538,41.31,62650.391681625566,279.18224512332847,1.765556879375417,99.078,8.6,0,0,266299999.99999997,297526.083592123,4748990,83064000
IE,Ireland,2017,722.9971256655575,52.43,67723.97876406893,225.51766684502982,9.311259306249086,95.668,10.1,0,1,235140000,325229.508739113,4802280,73345000
IE,Ireland,2018,737.2354162868321,67.89,72578.2372781772,229.95520099752648,8.470295451928662,98.191,10.8,1,0,260079999.99999997,352777.409026172,4860650,81123000
IE,Ireland,2019,745.6659696072522,63.35,75391.47151270993,232.58888085525464,5.297728025923694,98.964,12.3,0,1,276990000,371466.596693279,4927170,86399000
IE,Ireland,2020,855.3019559595677,40.99,79522.29360789707,266.7888645233627,6.617194668309674,103.184,13.7,0,0,338740000,396047.26452421804,4980330,105661000
IS,Iceland,1995,4103.10707614644,25.66,34197.04470823482,1202.9365095312057,0,100.121,55.7,0,0,37520000,9144.28975498199,267400,11000000
IS,Iceland,1996,4627.731296667199,30.2,35559.39296848702,1568.722473446508,4.567123586789637,96.769,52.3,1,0,44250000,9561.92076922616,268900,15000000
IS,Iceland,1997,2663.6878248495846,28.56,37334.063404963825,988.7482646063789,5.771612424929153,98.401,54.9,0,0,26940000,10113.7977764047,270900,10000000
IS,Iceland,1998,1903.5854549181288,19.2,39658.351261904674,644.6588381435366,7.362800953387429,100.245,57.2,1,1,20670000,10858.456575509501,273800,7000000
IS,Iceland,1999,1611.9913039963794,27.19,40752.478335198415,531.1338728159405,4.034923526753072,103.631,59.8,0,1,18210000,11296.586994517,277200,6000000
IS,Iceland,2000,1067.4782255360547,44.3,42175.414963609175,421.594875804129,4.985042770203329,104.289,60.7,1,1,12660000,11859.726687766899,281200,5000000
IS,Iceland,2001,1673.19019957348,37.6,43268.03412268958,567.4579165220135,4.0134975547360305,99.691,62.1,0,1,20640000,12335.7165283788,285100,7000000
IS,Iceland,2002,1505.8763175989222,38.46,43131.90965318985,403.0718194857929,0.5595190820072459,97.354,61.8,0,1,18680000,12404.737216257401,287600,5000000
IS,Iceland,2003,2703.9117052390206,40.55,43797.2073245579,473.5397031942243,2.1426883786691864,94.231,61.9,1,1,34260000,12670.5320789946,289300,6000000
IS,Iceland,2004,3569.77148827075,48.64,46681.94672429324,439.2663849389766,7.802399507535483,103.321,61.9,1,1,48760000,13659.1376115282,292600,6000000
IS,Iceland,2005,1559.084849887632,65.99,48988.45271286786,413.91633182857487,6.1244389653367435,102.012,62.7,1,0,22600000,14495.6831577376,295900,6000000
IS,Iceland,2006,3345.580897518397,77.06,50645.33177993428,1038.1942273136997,6.316993086370112,97.386,64.2,0,0,51560000,15411.374460634,304300,16000000
IS,Iceland,2007,3674.0808251253125,80.23,53674.96663510374,1136.7454108024904,8.45486009612992,99.936,67.5,0,1,61410000,16714.384610171302,311400,19000000
IS,Iceland,2008,3241.1033788165464,99.98,53486.813837072645,995.1012721669007,2.209496418820978,99.831,73.9,1,0,55370000,17083.688339561002,319400,17000000
IS,Iceland,2009,2012.7513982796777,66,49418.630950340856,633.9374482770638,-7.663809560259424,101.893,74.6,0,1,31750000,15774.426999348801,319200,10000000
IS,Iceland,2010,2303.6915255299186,80.97,48199.915057427046,717.6609113800369,-2.832774915408635,95.636,75.9,0,0,35310000,15327.572988261802,318000,11000000
IS,Iceland,2011,1197.9127259406805,104.36,48935.6932151627,384.35702436599377,1.8457791562418902,100.573,77.1,0,0,18700000,15610.4861356369,319000,6000000
IS,Iceland,2012,875.98504847178,106.34,49194.028627298096,253.54125860254126,1.0636366074375678,100.716,77.7,0,0,13820000,15776.5249807745,320700,4000000
IS,Iceland,2013,958.4870806080858,100.71,50941.152008718345,303.1268439620764,4.552460320151197,101.794,76.6,0,0,15810000.000000002,16494.745020423,323800,5000000
IS,Iceland,2014,1219.2179632330858,90.31,51231.05325445021,357.7167618287782,1.6872150175066052,98.979,77,0,0,20450000,16773.046835507,327400,6000000
IS,Iceland,2015,1520.2192136115045,49.66,52954.08258491899,456.6937179456266,4.436663719371926,102.534,77.8,0,0,26630000,17517.2105190912,330800,8000000
IS,Iceland,2016,1493.976782352626,41.31,55520.09737627281,467.25708063444284,6.303687106501626,100.979,80.8,0,0,27820000,18621.4406600019,335400,8701000
IS,Iceland,2017,1630.709238736393,52.43,56501.45767887915,510.03472270971383,4.1949488290833505,99.799,80.7,0,1,31640000,19402.6005669271,343400,9896000
IS,Iceland,2018,2135.9891182199967,67.89,57701.23979060675,671.3600028120501,4.889172994865915,105.828,81.3,1,0,43470000,20351.227274147,352700,13663000
IS,Iceland,2019,2566.329013180361,63.35,57487.52031971908,805.7404794577363,1.8611779429384554,95.742,81.6,0,1,53200000,20729.9998272907,360600,16703000
IS,Iceland,2020,1307.56731948182,40.99,52480.740327904496,407.29552210022183,-7.2156705720011445,95.886,82.8,0,0,25150000,19234.191330176996,366500,7834000
IT,Italy,1995,3147.6413107960066,25.66,29265.090592579378,261.4884202297175,0,93.342,4.5,0,0,5236270000,1663553.58917176,56844300,435000000
IT,Italy,1996,3490.7010192343296,30.2,29627.4770483295,493.2842017613596,1.2667848019168355,93.896,4.8,1,0,5880530000,1684627.23321113,56860300,831000000
IT,Italy,1997,3552.7157863176476,28.56,30153.760334409846,486.75005522569967,1.8302122338845026,92.339,4.8,0,0,6094540000,1715459.48692871,56890400,835000000
IT,Italy,1998,3587.0534060614013,19.2,30690.9354521805,364.1527450342149,1.8106151619761903,94.064,4.8,1,1,6264860000,1746519.8564966002,56906700,636000000
IT,Italy,1999,3489.285510936295,27.19,31184.625701808975,699.7524058049141,1.6257275993543874,94.918,5,0,1,6193180000,1774913.51183187,56916300,1242000000
IT,Italy,2000,3356.5515983599544,44.3,32350.908911969353,692.1340548435991,3.7869551432400645,96.135,5.1,1,1,6183200000,1842128.69035625,56942100,1275000000
IT,Italy,2001,3220.301905131657,37.6,32960.3730733653,706.0419159163449,1.9513715560522735,92.93,5.4,0,1,6047970000,1878075.46564574,56979800,1326000000
IT,Italy,2002,3073.2858525628476,38.46,32980.404674847174,702.1290684363114,0.2539429989683797,94.093,5.6,0,1,5786520000,1882844.7068060902,57089800,1322000000
IT,Italy,2003,3063.5790845131,40.55,32848.10303769547,753.6643004953248,0.13862689077674648,93.034,6.2,1,1,5776240000,1885454.83588129,57399200,1421000000
IT,Italy,2004,2979.6536827440154,48.64,33068.57313179383,744.131637974288,1.4235941581790221,93.137,5.9,1,1,5697980000,1912296.06078,57828200,1423000000
IT,Italy,2005,2954.4708565861206,65.99,33145.00830348378,727.2026553465732,0.8178489736505983,91.804,6.7,1,0,5696030000,1927935.75448625,58166700,1402000000
IT,Italy,2006,2795.096565999101,77.06,33603.79276551432,714.4101438274101,1.7906396808180733,93.174,7.5,0,0,5485260000,1962458.13712676,58399900,1402000000
IT,Italy,2007,2622.751367293008,80.23,33896.70063474152,678.3349919428541,1.4870729803677316,92.264,8.7,0,1,5223580000,1991641.321835,58756200,1351000000
IT,Italy,2008,2678.808426206241,99.98,33312.64146953043,727.5100004931879,-0.9620128405795112,91.947,10.8,1,0,5283900000,1972481.4765806599,59211200,1435000000
IT,Italy,2009,2769.981142188942,66,31371.006344623587,647.1068173029895,-5.280937208292723,91.922,12.5,0,1,5175200000,1868315.96835723,59555500,1209000000
IT,Italy,2010,3038.505375068503,80.97,31767.71662881306,600.4233753804735,1.7132958391687607,93.576,12.8,0,0,5774150000,1900325.74810562,59819400,1141000000
IT,Italy,2011,2864.1307405493335,104.36,31881.882522877448,567.4670851035846,0.7073333470348236,91.039,11.9,0,0,5481280000,1913767.38582426,60026800,1086000000
IT,Italy,2012,2561.8297615238553,106.34,30847.030519902746,528.3511323329484,-2.980905768237848,90.065,14.4,0,0,4756600000,1856719.78342957,60191200,981000000
IT,Italy,2013,2521.5738398889007,100.71,30218.67032174822,541.0042966908901,-1.841065450882392,90.714,16.3,0,0,4595660000,1822536.3569771498,60311600,986000000
IT,Italy,2014,2526.7421416905954,90.31,30212.73752400453,534.4443699836564,-0.004547542363834249,88.536,17.1,0,0,4604870000,1822453.47636422,60320700,974000000
IT,Italy,2015,2448.2346044193573,49.66,30493.93838014116,512.3492751635966,0.7783043507166763,89.433,16.6,0,0,4496520000,1836637.71106055,60229600,941000000
IT,Italy,2016,2588.930176796238,41.31,30947.147067079044,522.4699895661191,1.2934627315586509,90.948,16.1,0,0,4816430000,1860393.9353668701,60115200,972000000
IT,Italy,2017,2478.895933793663,52.43,31522.503034340014,464.5392103613124,1.6678590410686789,91.515,16.4,0,1,4688640000,1891422.6838173799,60002300,878640000
IT,Italy,2018,2654.089059178222,67.89,31880.810758768945,336.2060222748905,0.925810941012844,89.845,17.1,1,0,5066480000,1908933.68196496,59877200,641795000
IT,Italy,2019,2863.2057919714907,63.35,32114.289640747473,320.7020082321827,0.4831983165971132,92.51,17.3,0,1,5492080000,1918157.61738117,59729100,615157000
IT,Italy,2020,3355.0332419911438,40.99,29375.013124760553,326.9427045509368,-8.974192120606784,88.717,18.7,0,0,5857950000,1746018.4676213302,59438900,570848000
LT,Lithuania,1995,172.4973291279378,25.66,4936.022935679204,55.824378358555926,0,114.557,10.3,0,0,3090000,17913.3208358734,3629100,1000000
LT,Lithuania,1996,832.3878237890278,30.2,5230.279070209351,265.42979074905224,5.158464317470834,91.155,11.5,1,0,15680000,18837.373099266,3601600,5000000
LT,Lithuania,1997,771.9478597381242,28.56,5706.794697321353,245.0628126152775,8.310921561872687,94.869,11.6,0,0,15750000,20402.9324018633,3575200,5000000
LT,Lithuania,1998,500.2689139017934,19.2,6178.1777817921275,182.41345994595932,7.475758724330237,88.699,12.9,1,1,10970000,21928.206400914798,3549300,4000000
LT,Lithuania,1999,431.3152329151754,27.19,6151.1492882236535,138.38991430433435,-1.1415711562554154,86.608,15,0,1,9350000,21677.8803215578,3524200,3000000
LT,Lithuania,2000,403.48784502941623,44.3,6423.486755134105,133.45794212659854,3.6955254210778468,100.978,17.2,1,1,9070000,22478.9918995918,3499500,3000000
LT,Lithuania,2001,440.1571046781179,37.6,6899.232858846209,125.28190835240547,6.5261089024879055,75.44,17.6,0,1,10540000,23945.995391140597,3470820,3000000
LT,Lithuania,2002,469.4341853926532,38.46,7424.388355255077,156.47806179755108,6.751414575923778,76.469,17.9,0,1,12000000,25562.6888143281,3443070,4000000
LT,Lithuania,2003,467.03127978569677,40.55,8275.810717238794,141.52463023808994,10.565956988762073,89.443,18.1,1,1,13200000,28263.6315196211,3415210,4000000
LT,Lithuania,2004,570.0453991353364,48.64,8919.068544174079,166.00040743603273,6.569490117536009,94.759,18.1,1,1,17170000,30120.4079991594,3377080,5000000
LT,Lithuania,2005,522.3512614878422,65.99,9766.569953155786,154.0859178430213,7.732367603605158,93.445,17.5,1,0,16950000,32449.4286693601,3322500,5000000
LT,Lithuania,2006,553.1444951703575,77.06,10659.396950854642,172.14040306131457,7.414121335457221,97.953,17.5,0,0,19280000,34855.2686835691,3269910,6000000
LT,Lithuania,2007,464.79427715249307,80.23,11984.938130191409,129.10952143124806,11.107480141050132,95.085,17.1,0,1,18000000,38726.8107307062,3231290,5000000
LT,Lithuania,2008,480.6326024046128,99.98,12425.40198500652,150.98406358260087,2.614423033287403,92.806,18.3,1,0,19100000,39739.2933905074,3198230,6000000
LT,Lithuania,2009,484.89275012081225,66,10699.775926629412,147.74306828787695,-14.838608373598486,89.998,20.1,0,1,16410000.000000002,33842.5352738547,3162920,5000000
LT,Lithuania,2010,575.8493775330627,80.97,11106.95738660967,174.41172464403715,1.6512406532834973,98.667,21.5,0,0,19810000,34401.3569743984,3097280,6000000
LT,Lithuania,2011,452.04266324169055,104.36,12046.70149444933,137.06569534314448,6.039008160403628,91.549,22.7,0,0,16490000.000000002,36478.8577293719,3028120,5000000
LT,Lithuania,2012,398.3521506496523,106.34,12678.705416578989,131.99209763076615,3.8438647490633655,93.114,23.9,0,0,15090000,37881.0556824922,2987770,5000000
LT,Lithuania,2013,367.86955653911775,100.71,13262.329978059295,127.46692880773311,3.5500728427046866,93.369,26.3,0,0,14430000,39225.8607528062,2957690,5000000
LT,Lithuania,2014,360.71941988963175,90.31,13849.98595769364,123.11242999646134,3.5370098790162237,93.153,27.7,0,0,14650000,40613.2833227621,2932370,5000000
LT,Lithuania,2015,331.59944840404074,49.66,14263.964577349487,120.66937714848645,2.0245839546918845,100.712,29,0,0,13740000,41435.5333403883,2904910,5000000
LT,Lithuania,2016,313.0942370507811,41.31,14810.256942178277,94.16368031602438,2.5188282730715885,97.912,31.5,0,0,13300000,42479.223269264,2868230,4000000
LT,Lithuania,2017,385.11516618228325,52.43,15662.012865892448,121.90046291819048,4.282596951207655,94.995,33.8,0,1,17060000,44298.437189890195,2828400,5400000
LT,Lithuania,2018,322.35368983625403,67.89,16443.602896020046,102.02440015019488,3.9933103279533353,98.438,33.7,1,0,14850000,46067.411257316,2801540,4700000
LT,Lithuania,2019,337.0196822349973,63.35,17256.38962440604,107.84629831519912,4.665678381223469,100.828,33.5,0,1,16250000,48216.7685051379,2794140,5200000
LT,Lithuania,2020,242.50646137305665,40.99,17247.512837807462,76.7556806741069,-0.024612495291832646,102.673,31.7,0,0,11690000,48204.9011552597,2794890,3700000
NL,Netherlands,1995,1505.284424030442,25.66,33696.7569066939,439.6083979735136,0,85.772,1.3,0,0,784130000,520918.165020581,15459000,229000000
NL,Netherlands,1996,1522.2470864728464,30.2,34716.274840560465,443.2955047056942,3.4987421205791334,91.747,1.3,1,0,820710000,539143.748273904,15530000,239000000
NL,Netherlands,1997,1382.4048252540945,28.56,36031.23240432016,401.7895142717474,4.329053404525549,92.344,1.5,0,0,777580000,562483.5690638421,15611000,226000000
NL,Netherlands,1998,1313.3637345376226,19.2,37481.20817243579,380.4882003833775,4.6639171601525335,92.084,1.6,1,1,773200000,588717.336764449,15707000,224000000
NL,Netherlands,1999,1323.6114943432713,27.19,39106.605804153434,383.2758157507456,5.03404815181836,89.205,1.6,0,1,818460000,618353.650975274,15812000,237000000
NL,Netherlands,2000,1277.2514621723294,44.3,40455.70510754226,367.84246112651385,4.195642497869131,97.364,1.7,1,1,822930000,644297.559542718,15926000,237000000
NL,Netherlands,2001,1293.3608939920066,37.6,41087.50307739412,373.12862662370543,2.3269550869925326,93.762,1.8,0,1,852700000,659290.074379866,16046000,246000000
NL,Netherlands,2002,1343.408086531701,38.46,40914.14562051006,385.9411257808339,0.21727359494959397,90.819,1.9,0,1,887620000,660722.537625617,16149000,255000000
NL,Netherlands,2003,1273.303848884775,40.55,40785.881365343914,362.6742190721046,0.15564589801697487,91.843,1.9,1,1,842610000,661750.9251527049,16225000,240000000
NL,Netherlands,2004,1263.605399129066,48.64,41449.841652152376,360.060638596094,1.9849457142215392,95.165,2.2,1,1,852790000,674886.3217803449,16282000,243000000
NL,Netherlands,2005,1335.942194993494,65.99,42201.43407541881,383.3156607741359,2.050876108138824,96.211,2.7,1,0,920100000,688727.4041108349,16320000,264000000
NL,Netherlands,2006,1347.6400052768427,77.06,43592.57209660308,388.73691159004187,3.4609889541150154,96.069,3.1,0,0,960280000,712564.183491074,16346000,277000000
NL,Netherlands,2007,1373.9977004702753,80.23,45137.840800474914,405.7079824223254,3.772842520738737,92.365,3.7,0,1,1016000000,739448.10799338,16382000,300000000
NL,Netherlands,2008,1374.1029286306214,99.98,45938.01131241001,406.35527254736957,2.170324851336098,97.65,3.9,1,0,1038130000,755496.534043895,16446000,307000000
NL,Netherlands,2009,1442.3874519980639,66,44028.63599453968,428.6931155915599,-3.6668839373582576,97.861,4.4,0,1,1049760000,727793.352989741,16530000,312000000
NL,Netherlands,2010,1601.660661499421,80.97,44391.55706456744,474.53398417444515,1.3427393363655413,94.222,3.9,0,0,1181330000,737565.720627788,16615000,350000000
NL,Netherlands,2011,1584.0177437205193,104.36,44869.51184678818,472.6259071483293,1.5511893124464784,92.251,4.7,0,0,1186440000,749006.7612584351,16693000,354000000
NL,Netherlands,2012,1475.7260636026524,106.34,44242.87318396425,439.7742990789848,-1.0303539914843656,97.903,4.9,0,0,1093940000,741289.340197321,16755000,326000000
NL,Netherlands,2013,1560.3295732807296,100.71,44056.43684006611,467.3627081808704,-0.13017528844987641,95.284,4.9,0,0,1155150000,740324.364660471,16804000,346000000
NL,Netherlands,2014,1325.1034909888317,90.31,44521.91565821862,400.87253966213893,1.4233953951007599,91.347,5.5,0,0,994970000,750862.1075758571,16865000,301000000
NL,Netherlands,2015,1444.5654840670518,49.66,45193.197794237014,429.7945441912061,1.959169721057178,101.492,5.8,0,0,1105920000,765572.770634375,16940000,329039000
NL,Netherlands,2016,1317.015981065581,41.31,45939.63206572502,389.75681751058784,2.1917137192612364,94.874,5.6,0,0,1030370000,782351.934079297,17030000,304927000
NL,Netherlands,2017,1239.682607374921,52.43,46998.15750336168,366.41619645755213,2.910902513150011,89.359,6.4,0,1,998100000,805125.436190089,17131000,295011000
NL,Netherlands,2018,1205.459651359633,67.89,47825.775542308205,358.21976097079113,2.36091509478509,92.9,7.4,1,0,993460000,824133.7641450551,17232000,295221000
NL,Netherlands,2019,1091.091380415792,63.35,48443.380142224385,324.0450593573571,1.9555884157405004,100.998,8.6,0,1,916790000,840250.4285668819,17345000,272279000
NL,Netherlands,2020,866.1615724358093,40.99,46301.89151414803,255.0180957617472,-3.8860839181961544,100.435,10.8,0,0,699510000,807597.59178977,17442000,205952000
NO,Norway,1995,9371.191919196855,25.66,58383.03279905139,2491.2409699276723,0,-1564.466,60,0,0,2384890000,254491.63997106501,4359000,634000000
NO,Norway,1996,9244.656359460923,30.2,61010.58718403082,2379.4613653761453,5.027961815810069,-1713.806,57.9,1,0,2470980000,267287.382453239,4381000,636000000
NO,Norway,1997,9609.10247958745,28.56,63884.753356338246,2409.2760236824884,5.284557748962251,-1654.888,58.8,0,0,2704120000,281412.33853467,4405000,678000000
NO,Norway,1998,9551.112889666798,19.2,65204.77363317197,2613.158846505902,2.6686866229889223,-1575.32,59.5,1,1,2759530000,288922.35196858505,4431000,755000000
NO,Norway,1999,9677.732429426524,27.19,66093.44674770058,2926.326829100783,2.0720471707588386,-1483.34,59.4,0,1,2854050000,294908.95938824,4462000,863000000
NO,Norway,2000,7688.691802265463,44.3,67846.0983142269,2307.2114196287307,3.3189456709816456,-1598.987,60.2,1,1,2342720000,304696.827529193,4491000,703000000
NO,Norway,2001,7046.344238527729,37.6,68895.72628785268,2215.467504652596,2.067130460546235,-1746.682,59.6,0,1,2191380000,310995.308463367,4514000,689000000
NO,Norway,2002,6899.752035359906,38.46,69475.41782929286,2159.9885701519734,1.3775570014647431,-1637.971,59.5,0,1,2175350000,315279.446109331,4538000,681000000
NO,Norway,2003,7935.623380570363,40.55,69717.09774455312,2356.5745434426044,0.9449093911186778,-1345.487,56.2,1,1,2525580000,318258.551203885,4565000,750000000
NO,Norway,2004,7445.577318686549,48.64,72089.6003635185,2286.7641871369174,4.0146269808180985,-1114.6,56.9,1,1,2464750000,331035.44486927695,4592000,757000000
NO,Norway,2005,6965.350544870074,65.99,73528.88298531862,2371.1180683135376,2.685084425131891,-967.907,58.6,1,0,2367690000,339924.026041128,4623000,806000000
NO,Norway,2006,7302.623071795198,77.06,74724.5845574999,2377.3204413889944,2.461509614023772,-858.789,57,0,0,2543440000,348291.288622507,4661000,828000000
NO,Norway,2007,7320.322168806314,80.23,76118.17974560012,2335.1155361450074,2.9140033446326465,-1031.753,57.4,0,1,2623900000,358440.508422031,4709000,837000000
NO,Norway,2008,6855.163876469259,99.98,75538.57031791296,2179.539022939708,0.4819195412322535,-817.782,58.5,1,0,2469010000,360167.903275809,4768000,785000000
NO,Norway,2009,6835.535882965596,66,73137.15726604659,2194.35263850447,-1.9403646950512157,-752.495,56.7,0,1,2414170000,353179.332437739,4829000,775000000
NO,Norway,2010,7924.760176433031,80.97,72808.14826991185,3518.8459069278983,0.7870518454955255,-689.53,56.7,0,0,2820890000,355959.036891599,4889000,1252565000
NO,Norway,2011,8034.655258395416,104.36,72661.96637146012,3449.3448582382007,1.1056560273370717,-805.55,56.7,0,0,2891630000,359894.71943784197,4953000,1241401000
NO,Norway,2012,8051.1471756990895,106.34,73655.41169864315,3389.6906123164167,2.7179592667898165,-682.553,57.7,0,0,2976320000,369676.51131549,5019000,1253089000
NO,Norway,2013,8134.307738490764,100.71,73510.4586815559,3229.973194048318,1.0161908240927051,-566.435,57.2,0,0,3037620000,373433.13010230404,5080000,1206179000
NO,Norway,2014,8093.884716489235,90.31,74183.67403798326,3136.4495385503133,2.048131998551023,-733.205,56.3,0,0,3084430000,381081.53353312,5137000,1195243000
NO,Norway,2015,7445.289652394137,49.66,74789.8867525106,3058.332882614216,1.8573397264328146,-1258.622,57.3,0,0,2889960000,388159.51224553003,5190000,1187121000
NO,Norway,2016,6931.105565276682,41.31,74996.27581264458,2943.196821700553,1.1647242349730755,-864.584,58.4,0,0,2721710000,392680.500155007,5236000,1155736000
NO,Norway,2017,6896.022060150757,52.43,76246.94928745367,2890.7719858491587,2.4637462851012586,-721.198,59.5,0,1,2774650000,402355.151389893,5277000,1163117000
NO,Norway,2018,6633.753227950211,67.89,76372.43974347327,2932.3296785983,0.8289314840174711,-704.137,59.7,1,0,2691250000,405690.39991733,5312000,1189618000
NO,Norway,2019,7054.100430863329,63.35,76710.79533865314,2950.883526749789,1.1237469643639604,-748.468,60.6,0,1,2893940000,410249.333471117,5348000,1210598000
NO,Norway,2020,6952.989554402343,40.99,75293.85429345547,2924.013585186271,-1.2781717845226355,-911.281,61.3,0,0,2816000000,405005.642244497,5379000,1184242000
PL,Poland,1995,423.19225912501446,25.66,5675.502843519817,78.25811383797722,0,96.008,6.3,0,0,91930000,217229.87133572102,38275000,17000000
PL,Poland,1996,382.1882786201347,30.2,6020.388548051085,69.40990304111415,6.11554281136402,97.529,5.9,1,0,88100000,230514.65711632802,38289000,16000000
PL,Poland,1997,245.94450907172435,28.56,6408.141503452209,61.129538294546236,6.4490030785166,99.829,6,0,0,60350000,245380.554450192,38292000,15000000
PL,Poland,1998,168.47928214612236,19.2,6706.913483244854,35.0511682689575,4.640514961696101,98.444,6.5,1,1,43260000,256767.475792546,38284000,9000000
PL,Poland,1999,132.33118677432685,27.19,7021.680797003919,26.04944621541867,4.65489185182112,95.931,6.4,0,1,35560000,268719.72410134,38270000,7000000
PL,Poland,2000,113.81755369219694,44.3,7344.625457727179,21.35413765332025,4.5609854097829,99.708,6.9,1,1,31980000,280975.99151081097,38256000,6000000
PL,Poland,2001,109.8019429932241,37.6,7438.034810377977,21.088721445561607,1.2585694606654518,93.435,7.3,0,1,31240000,284512.269531768,38251000,6000000
PL,Poland,2002,96.34709490881417,38.46,7593.234716337702,17.223291903613546,2.035863041262713,96.561,7.5,0,1,27970000,290304.549675023,38232000,5000000
PL,Poland,2003,130.1668438423219,40.55,7866.488769026364,23.297568573159122,3.4983912134025914,98.503,7.3,1,1,39110000,300460.538532962,38195000,7000000
PL,Poland,2004,87.78436629798806,48.64,8261.70822843963,19.021531158827315,4.982844569860404,96.386,7.3,1,1,27690000,315432.020161825,38180000,6000000
PL,Poland,2005,70.7211197041076,65.99,8555.690349561935,15.314231204873884,3.5068346143593936,98.492,7.2,1,0,23090000,326493.699429633,38161000,5000000
PL,Poland,2006,80.60339158229182,77.06,9087.15707726445,17.31544394893487,6.131136458554943,100.597,7.2,0,0,27930000,346511.473670248,38132000,6000000
PL,Poland,2007,61.97091198510304,80.23,9732.933712686483,13.477797299935414,7.061534633567586,105.509,7.3,0,1,22990000,370980.501392758,38116000,5000000
PL,Poland,2008,59.70587670127319,99.98,10141.715105100588,12.934548678785353,4.199981264449322,97.351,8,1,0,23080000,386561.612946014,38116000,5000000
PL,Poland,2009,35.068322284977526,66,10329.489626682456,7.546984709822997,2.8321840531889424,99.831,8.8,0,1,13940000,397509.74930362095,38483000,3000000
PL,Poland,2010,27.88536397503606,80.97,10623.237068775034,7.331822254610708,2.9346381805284665,98.203,9.5,0,0,11410000,409175.222178008,38517000,3000000
PL,Poland,2011,27.128480220423207,104.36,11156.273831973655,6.979883418633758,5.042187882929404,96.829,10.4,0,0,11660000,429806.605650617,38526000,3000000
PL,Poland,2012,25.982472551819196,106.34,11326.311050911248,6.873669987253756,1.5452215712561137,96.625,10.9,0,0,11340000,436448.070035814,38534000,3000000
PL,Poland,2013,28.487925206248708,100.71,11432.82159064142,6.815293111542752,0.8565570806064488,93.539,11.4,0,0,12540000,440186.496882876,38502000,3000000
PL,Poland,2014,24.52544735798909,90.31,11877.046826274374,6.563456028007786,3.8369584935180483,95.451,11.6,0,0,11210000,457076.27006234304,38484000,3000000
PL,Poland,2015,24.250107452385926,49.66,12407.002677655104,4.191894114500593,4.383298635072716,99.497,11.9,0,0,11570000,477111.287969227,38455000,2000000
PL,Poland,2016,44.74730083188005,41.31,12782.752024462956,4.071637928287538,2.9535088416771864,94.957,11.3,0,0,21980000,491202.81204403803,38427000,2000000
PL,Poland,2017,42.19182786176632,52.43,13441.53669531901,8.841114548729923,5.140017574094309,98.598,11.1,0,1,21790000,516450.722907547,38422000,4566000
PL,Poland,2018,21.14575272727271,67.89,14244.00060046492,3.6059265454545426,5.945208477055124,98.77,15.1,1,0,11570000,547154.795065659,38413000,1973000
PL,Poland,2019,17.182758423808224,63.35,14888.321709068072,3.202082272461207,4.449987878787784,97.333,15.6,0,1,9820000,571503.117124287,38386000,1830000
PL,Poland,2020,27.662771708619097,40.99,14599.737965108776,1.7983480381264962,-2.0200707335764694,96.861,16.1,0,0,15490000,559958.349913782,38354000,1006999.9999999999
PT,Portugal,1995,1449.3712755426013,25.66,15788.94531124414,290.58175852057036,0,100.554,23.7,0,0,229440000,158303.12347959602,10026200,46000000
PT,Portugal,1996,1463.28552137105,30.2,16281.009950866663,280.74380206484943,3.504247069165373,98.643,25.4,1,0,239760000,163850.456044527,10063900,46000000
PT,Portugal,1997,1452.403337328966,28.56,16921.683443373826,257.21773734141476,4.400867753812918,100.489,24.6,0,0,248450000,171061.297929066,10109000,44000000
PT,Portugal,1998,1416.1741335979993,19.2,17645.898879874803,256.57349407447015,4.807962975733106,99.955,22.4,1,1,253900000,179285.861799304,10160200,46000000
PT,Portugal,1999,1226.2614299348638,27.19,18231.88972474613,203.983253097202,3.906577440025554,101.571,19,0,1,228440000,186289.802829511,10217800,38000000
PT,Portugal,2000,1051.3500533732617,44.3,18795.02749488061,222.33832830890796,3.816178063469835,99.384,20.1,1,1,203330000,193398.953419572,10289900,43000000
PT,Portugal,2001,996.3582745068592,37.6,19025.736082068575,248.53164045426644,1.9436722958499628,102.833,20.8,0,1,196440000,197157.995297652,10362700,49000000
PT,Portugal,2002,1036.702950432648,38.46,19067.71216257937,442.9279003644853,0.7709240242909423,96.235,18.3,0,1,205970000,198677.933649212,10419600,88000000
PT,Portugal,2003,1053.9087035144717,40.55,18819.481524796436,325.1550184387109,-0.9305211926228198,103.09,22.1,1,1,207440000,196829.19337154098,10458800,64000000
PT,Portugal,2004,1056.800876483379,48.64,19110.24975296655,124.78166491325968,1.7887356815709385,97.866,19.9,1,1,211730000,200349.947385126,10483900,25000000
PT,Portugal,2005,1045.8784974819566,65.99,19224.089559887656,84.1932685727496,0.7818482159273671,102.342,18.1,1,0,211180000,201916.37987436802,10503300,17000000
PT,Portugal,2006,1029.690455640843,77.06,19501.210767120116,97.46703162864718,1.625034176296921,99.083,22.3,0,0,211290000,205197.59005486802,10522300,20000000
PT,Portugal,2007,1004.9869914316606,80.23,19950.775972709474,613.2897577685047,2.5065796455176077,98.061,23.2,0,1,211390000,210341.031080276,10543000,129000000
PT,Portugal,2008,1021.9771750645161,99.98,19985.65479509348,668.2067316675019,0.31924792506304145,102.965,23.2,1,0,215650000,211012.540457556,10558200,141000000
PT,Portugal,2009,1117.967422712019,66,19343.366075358907,983.2477989197331,-3.122079420333373,99.309,24.9,0,1,228540000,204424.561357608,10568200,201000000
PT,Portugal,2010,1112.2400056817498,80.97,19670.361068633323,601.0288808154017,1.7376254759060556,97.538,27.8,0,0,231320000,207976.694614767,10573100,125000000
PT,Portugal,2011,1005.0914041604135,104.36,19365.1082792324,586.9432502761673,-1.6961647806150586,100.829,27.2,0,0,205490000,204449.067168824,10557600,120000000
PT,Portugal,2012,1170.3561343417523,106.34,18655.035591317952,616.8623611767741,-4.057293607695608,99.18,25.5,0,0,229570000,196153.96823559,10514800,121000000
PT,Portugal,2013,1295.9483562287687,100.71,18584.545159246554,643.1888530477095,-0.9226446745279899,97.143,30.2,0,0,251859999.99999997,194344.164093789,10457300,125000000
PT,Portugal,2014,1357.3867866123614,90.31,18832.98302237273,449.2460687573349,0.792190301875503,97.379,30.5,0,0,265890000.00000003,195883.739714001,10401100,88000000
PT,Portugal,2015,1431.6373850752432,49.66,19250.061934663692,501.5194370753322,1.792046045559582,101.719,27.2,0,0,285460000,199394.06652544,10358100,100000000
PT,Portugal,2016,1300.0145474197247,41.31,19700.818418346906,560.4146659324962,2.019485395613428,98.712,29,0,0,264450000.00000003,203420.80057864098,10325500,114000000
PT,Portugal,2017,1285.8493542074186,52.43,20441.485804108328,477.36100536081716,3.506345284812021,100.202,24.4,0,1,270740000,210553.43622805702,10300300,100510000
PT,Portugal,2018,1225.013079406943,67.89,21057.662526711236,484.3114699755758,2.8493259343618025,103.935,27.5,1,0,265280000.00000003,216552.789892193,10283800,104879000
PT,Portugal,2019,1224.5326675753124,63.35,21617.333866173452,405.3158607754974,2.682759921180975,98.141,28.2,0,1,272290000,222362.38134762,10286300,90127000
PT,Portugal,2020,998.2091914139177,40.99,19802.192374795235,316.58346238254217,-8.300516541177764,97.558,31.2,0,0,203540000,203905.155102504,10297100,64553000
RO,Romania,1995,3175.2274471037995,25.66,4570.854107421338,1003.170467521706,0,49.746,8.6,0,0,329180000,103671.313467718,22680950,104000000
RO,Romania,1996,4439.092026124734,30.2,4764.874831977935,1401.7501326770423,3.9077020881620124,47.969,11.9,1,0,478190000,107722.47954892101,22607620,151000000
RO,Romania,1997,10688.694971100447,28.56,4546.228473728828,3365.888173414679,-4.849062737969925,55.051,15.8,0,0,1095580000,102498.948932697,22545930,345000000
RO,Romania,1998,7019.429860392431,19.2,4462.485203576266,2210.7499560309834,-2.0298129057178356,45.287,16.3,1,1,704880000,100418.41203903599,22502800,222000000
RO,Romania,1999,7012.08287189753,27.19,4454.541199069998,2209.1124815597573,-0.3766607057587839,35.124,17.7,0,1,701490000,100040.175339538,22458020,221000000
RO,Romania,2000,3592.695398066483,44.3,4568.819619683391,1112.1687812403711,2.4612634592273346,34.446,16.4,1,1,368260000,102502.427619717,22435210,114000000
RO,Romania,2001,3104.46405766556,37.6,4812.980493439154,964.2920434777441,5.218136256736956,46.681,13.4,0,1,334820000,107851.143959377,22408390,104000000
RO,Romania,2002,2933.460249041972,38.46,5259.413303432726,921.0373965355154,5.702991650436949,33.72,14.4,0,1,334420000,114001.88569428101,21675780,105000000
RO,Romania,2003,1918.302844370417,40.55,5407.844483822471,599.9785492423448,2.34114732919535,32.218,15.7,1,1,223810000,116670.837796445,21574370,70000000
RO,Romania,2004,1039.294453298495,48.64,6005.887819513003,325.9922855753308,10.428113018097928,46.775,17.3,1,1,133899999.99999999,128837.40462102,21451850,42000000
RO,Romania,2005,959.6466015031706,65.99,6325.225738184503,304.0376374440151,4.668148050848553,38.605,18.5,1,0,129410000,134851.7254136,21319670,41000000
RO,Romania,2006,867.044986020135,77.06,6873.66396601701,274.5768303444335,8.028811075991678,43.742,17.4,0,0,126310000,145678.715679773,21193750,40000000
RO,Romania,2007,1702.9534741311622,80.23,7480.581502038214,531.3127780809926,7.233807743627818,51.563,18.2,0,1,266030000,156216.83389543399,20882980,83000000
RO,Romania,2008,1398.3641622621087,99.98,8314.242456025046,445.0777968503236,9.307467170773972,52.157,20.4,1,0,238780000,170756.664425474,20537850,76000000
RO,Romania,2009,1071.061019977514,66,7921.238298533443,334.70656874297316,-5.517394408054799,52.1,22.2,0,1,172800000,161335.345771082,20367440,54000000
RO,Romania,2010,1191.295690165841,80.97,7657.56923213036,374.09393627297663,-3.9012362801860214,52.622,24.1,0,0,184700000,155041.272729097,20246800,58000000
RO,Romania,2011,985.2841654250473,104.36,8042.8507255378045,314.72812499484786,4.517086964339455,47.394,21.1,0,0,159660000,162044.62184888902,20147660,51000000
RO,Romania,2012,817.3695514854192,106.34,8233.424121895865,254.2927493510193,1.9249932624069814,52.173,21.5,0,0,135000000,165163.969901573,20060180,42000000
RO,Romania,2013,909.3058009997874,100.71,8285.177916152836,247.56981101660986,0.2699638786339065,47.653,23.1,0,0,150590000,165609.85296082502,19988690,41000000
RO,Romania,2014,676.7223085661059,90.31,8657.873100295034,214.5747314846681,4.120674963198151,54.945,24.3,0,0,116690000,172434.096708371,19916450,37000000
RO,Romania,2015,762.1263810242644,49.66,8973.950132237613,241.73072496897078,3.1605038704108184,54.243,23.7,0,0,135570000,177883.883008747,19822250,43000000
RO,Romania,2016,693.0758123215548,41.31,9284.639061458296,218.61866172117493,2.857546056888157,57.326,24.4,0,0,126810000,182966.996893503,19706420,40000000
RO,Romania,2017,641.3290546337142,52.43,10103.843513573416,201.3144834145984,8.196506503095769,61.289,23.4,0,1,126959999.99999999,197963.898692398,19592930,39853000
RO,Romania,2018,608.4826062574673,67.89,10772.988273329487,189.67201315629728,6.0290190412825675,63.128,23,1,0,127720000,209899.17983942802,19483840,39812000
RO,Romania,2019,632.3773367069797,63.35,11239.7831274444,197.1448389189877,3.8531638334819105,65.367,23.5,0,1,137850000,217986.939123776,19394230,42975000
RO,Romania,2020,629.8981717366921,40.99,10881.507845845012,196.5562335229474,-3.6775107912181513,64.642,24.1,0,0,132259999.99999999,209970.445914053,19296080,41271000
SE,Sweden,1995,1635.9703849694802,25.66,34648.27200166423,340.05060566180185,0,95.345,33.9,0,0,500340000,305836.83213149,8826900,104000000
SE,Sweden,1996,1634.8996186344718,30.2,35139.395042418844,251.07237552615385,1.5794564064991967,102.623,31.4,1,0,507910000,310667.391570025,8841000,78000000
SE,Sweden,1997,1613.3962723103848,28.56,36197.47871308814,312.29845385590664,3.070526592963611,100.126,35.5,0,0,516619999.99999994,320206.516443849,8846100,100000000
SE,Sweden,1998,1570.9254812443664,19.2,37737.35142078759,389.2060615611817,4.3118363532626915,103.854,35.5,1,1,524710000,334013.297425391,8851000,130000000
SE,Sweden,1999,1529.841557581692,27.19,39309.48161882726,399.1964867068186,4.247184143675528,94.805,34.6,0,1,532690000,348199.45723140996,8857900,139000000
SE,Sweden,2000,1483.7065386981985,44.3,41117.194140246844,424.8951750544495,4.766348871487253,100.758,39.8,1,1,541250000,364795.858131684,8872100,155000000
SE,Sweden,2001,1430.325592010197,37.6,41601.120622045186,418.82432229111816,1.4494986179698393,104.25,37.4,0,1,529340000.00000006,370083.569053714,8896000,155000000
SE,Sweden,2002,1417.9273682791702,38.46,42376.920216235514,388.6688355654472,2.196921062174463,91.513,35.9,0,1,536280000,378214.012929902,8925000,147000000
SE,Sweden,2003,1474.8157142571183,40.55,43195.06600150275,449.670453285096,2.3098105903281576,105.082,34.6,1,1,570680000,386950.040254662,8958200,174000000
SE,Sweden,2004,1418.6903678023984,48.64,44891.477943820646,369.0571517407639,4.336856153844739,98.095,35.5,1,1,572770000,403731.506887751,8993500,149000000
SE,Sweden,2005,1382.6553907222808,65.99,45990.23171426929,338.37226573221415,2.858803239902695,103.881,39.3,1,0,574180000,415273.396287166,9029600,140517000
SE,Sweden,2006,1379.267012948305,77.06,47864.837220054294,325.2877974655656,4.662773551751226,99.409,40.1,0,0,599480000,434636.654376703,9080500,141382000
SE,Sweden,2007,1338.501738388461,80.23,49145.206577603305,307.59493727128347,3.439221776000595,99.132,41.8,0,1,601770000,449584.77284050704,9148090,138290000
SE,Sweden,2008,1347.1069264110247,99.98,48544.1000982214,304.8513408843672,-0.45055925674325936,102.651,43.2,1,0,602910000,447559.127029566,9219640,136439000
SE,Sweden,2009,1450.4736872929898,66,46043.50570352573,325.17704789843805,-4.339790574529348,101.663,45.7,0,1,621000000,428135.99821929104,9298510,139220000
SE,Sweden,2010,1469.5148063159197,80.97,48369.889409847274,331.96352701632577,5.952107007555932,93.662,44.7,0,0,666600000,453619.110971171,9378130,150585000
SE,Sweden,2011,1462.1873323409643,104.36,49539.98833593952,328.8773272583986,3.1953332348894854,98.623,45.4,0,0,684470000,468113.75318384304,9449210,153952000
SE,Sweden,2012,1391.2890072193547,106.34,48885.5689594782,304.6073045816016,-0.5883045689908347,95.509,48.3,0,0,647450000,465359.818585788,9519370,141752000
SE,Sweden,2013,1408.4475651032246,100.71,49048.813640974106,316.0416854718825,1.1877757159061624,100.436,47.3,0,0,663220000,470887.249502535,9600380,148820000
SE,Sweden,2014,1348.544997867934,90.31,49855.30101231298,298.0601158597394,2.657798275316361,101.572,48.6,0,0,651890000,483402.482698498,9696110,144083000
SE,Sweden,2015,1292.0513052902606,49.66,51545.46256882018,274.39311507357155,4.489281587904942,114.645,51.9,0,0,652620000,505103.78134975705,9799190,138597000
SE,Sweden,2016,1315.398419785482,41.31,51955.83489108806,283.65721147306465,2.070593150520859,107.341,50.9,0,0,678170000,515562.42564940697,9923090,146243000
SE,Sweden,2017,1231.860686348869,52.43,52576.799827068615,272.96244615473324,2.5679245252647607,86.791,51.8,0,1,651410000,528801.679620708,10057700,144343000
SE,Sweden,2018,1318.29399205564,67.89,52983.027690018884,270.8836230218085,1.9500228456999762,90.63,51.6,1,0,710710000,539113.433181757,10175210,146037000
SE,Sweden,2019,1267.084456122401,63.35,53490.336208164015,255.95226052678206,1.9861958738037881,106.841,52.9,0,1,696670000,549821.281946735,10278890,140728000
SE,Sweden,2020,1223.9514372963417,40.99,51952.683168662494,202.58827086228047,-2.1702131788587145,118.053,58.4,0,0,658350000,537888.988025757,10353440,108970000
